{
    "comment0": "below is for extract_object_pnts.py",
    "flood image": "D:/Box/1_CIROH_FIM/Repository/Case12/flood_20170416_6159_right_v1.tif",
    "boundary": "D:/Box/1_CIROH_FIM/Repository/Case12/FimEnhance/bnd.shp",
    "centroid": "D:/Box/1_CIROH_FIM/Repository/Case12/FimEnhance/centroid.shp",
    "row number": "10",
    "column number": "10",
    "flood class threshold": "500",
    "non-flood class threshold": "10000",

    "comment1": "below is for extractValues.py",
    "dem": "D:/Box/1_CIROH_FIM/Repository/Case12/dem10m.tif",
    "boundary elevation": "D:/Box/1_CIROH_FIM/Repository/Case12/FimEnhance/bnd_elev.shp",
    
    "comment2": "below is for lwse.py",
    "centroid elevation": "D:/Box/1_CIROH_FIM/Repository/Case12/FimEnhance/centroid_elev.shp",

    "comment3":"Below is the parameters for filter.py",
    "Filter in": "D:/Box/1_CIROH_FIM/Repository/Case12/FimEnhance/centroid_elev.shp",
    "Filter field": "LWSE",
    "Filter out": "D:/Box/1_CIROH_FIM/Repository/Case12/FimEnhance/filtered.shp",
    "sigma": "2",
    "nn": "12",
    "power": "2",
    "threads":"10",

    "comment4":"Below is the parameters for idw2flood.py",
    "water level": "D:/Box/1_CIROH_FIM/Repository/Case12/FimEnhance/centroid_filtered.shp",
    "field name": "LWSE_new",
    "output flood": "D:/Box/1_CIROH_FIM/Repository/Case12/FimEnhance/flood_idw.tif"
}